{"titre":"4","texte":"Oh la la !!!","auteur":"Rami","date":"02\/12\/2021","id":"615f191485fb3"}{"titre":"3","texte":"Oh la la !!!","auteur":"Rami","date":"02\/12\/2021","id":"615f1917ad117"}{"titre":"2","texte":"Oh la la !!!","auteur":"Rami","date":"02\/12\/2021","id":"615f191bcc1cf"}{"titre":"1","texte":"Oh la la !!!","auteur":"Rami","date":"02\/12\/2021","id":"615f19202fe0f"}{"titre":"1","texte":"Oh la la !!!","auteur":"Rami","date":"02\/12\/2021","id":"615f193b1a303"}{"titre":"1","texte":"Oh la la !!!","auteur":"Rami","date":"02\/12\/2021","id":"615f193d933c3"}{"titre":"1","texte":"Oh la la !!!","auteur":"Rami","date":"02\/12\/2021","id":"615f194075de8"}{"titre":"1","texte":"Oh la la !!!","auteur":"Rami","date":"02\/12\/2021","id":"615f1942430f8"}{"titre":"1","texte":"Oh la la !!!","auteur":"Rami","date":"02\/12\/2021","id":"615f19447fcda"}{"titre":"1","texte":"Oh la la !!!","auteur":"Rami","date":"02\/12\/2021","id":"615f1946db606"}{"titre":"1","texte":"Oh la la !!!","auteur":"Rami","date":"02\/12\/2021","id":"615f196b3fa88"}{"titre":"1","texte":"Oh la la !!!","auteur":"Rami","date":"02\/12\/2021","id":"615f196e0c673"}{"titre":"1","texte":"Oh la la !!!","auteur":"Rami","date":"02\/12\/2021","id":"615f197112662"}{"titre":"1","texte":"Oh la la !!!","auteur":"Rami","date":"02\/12\/2021","id":"615f1974a2ed7"}{"titre":"20","texte":"Oh la la !!!","auteur":"Rami","date":"02\/12\/2021","id":"615f197997940"}{"titre":"20","texte":"Oh la la !!!","auteur":"Rami","date":"02\/12\/2021","id":"615f197c00b84"}{"titre":"20","texte":"Oh la la !!!","auteur":"Rami","date":"02\/12\/2021","id":"615f197e50e0f"}